{
"lengthUnit": "mil",
"remark": [],
"components": {
	"fields": ["COMPONENT_NO", "COMPONENT_NAME", "LAYER", "X_COORDINATE", "Y_COORDINATE", "ANGLE"],
	"rows": [
		[1, "1", "T", -385, -1510, 90],
		[2, "C1", "T", -1210, -1495, 90],
		[3, "LED1", "T", -1445, -1500, 180],
		[4, "R1", "T", -1110, -1500, 90],
		[5, "U1", "T", -985, -1495, 90],
		[6, "PAD1", "T", -1210, -1467.44, 0],
		[7, "PAD2", "T", -1210, -1522.56, 0],
		[8, "PAD3", "T", -1403.65, -1500, 0],
		[9, "PAD4", "T", -1486.35, -1500, 0],
		[10, "PAD5", "T", -1110, -1470.34, 0],
		[11, "PAD6", "T", -1110, -1529.66, 0],
		[12, "PAD7", "T", -985, -1518.62, 0],
		[13, "PAD8", "T", -1010.59, -1514.68, 0],
		[14, "PAD9", "T", -1010.59, -1495, 0],
		[15, "PAD10", "T", -959.41, -1495, 0],
		[16, "PAD11", "T", -959.41, -1514.68, 0],
		[17, "PAD12", "T", -910, -1535, 0],
		[18, "PAD13", "T", -760, -1485, 0],
		[19, "PAD13", "B", -760, -1485, 0]
	]
},
"pins": {
	"fields": ["PIN_NO", "PIN_NAME", "PIN_X", "PIN_Y", "LAYER", "PIN_TYPE", "NET_NAME", "NET_TYPE", "PAD_SHAPE", "PAD_SIZEX", "PAD_SIZEY", "HOLE_SIZE", "HOLE_LEN", "PAD_ANGLE"],
	"rows": [
		[1, "1_P$1", -910, -1535, "T", "SMD", "$1N553", "", "C", 29.53, 29.53, 0, 0, 180],
		[2, "1_P$2", -760, -1485, "T", "DIP", "$1N515", "", "C", 31.81, 31.81, 11.82, 11.83, 90],
		[3, "1_P$2", -760, -1485, "B", "DIP", "$1N515", "", "C", 31.81, 31.81, 11.82, 11.83, 90],
		[4, "C1_1", -1210, -1522.56, "T", "SMD", "$1N431", "", "R", 31.496, 35.433, 0, 0, 90],
		[5, "C1_2", -1210, -1467.44, "T", "SMD", "$1N466", "", "R", 31.496, 35.433, 0, 0, 90],
		[6, "LED1_1", -1486.35, -1500, "T", "SMD", "$1N456", "", "R", 39.37, 55.1, 0, 0, 0],
		[7, "LED1_2", -1403.65, -1500, "T", "SMD", "$1N431", "", "R", 39.37, 55.1, 0, 0, 0],
		[8, "R1_1", -1110, -1529.66, "T", "SMD", "$1N456", "", "R", 31.751, 34.016, 0, 0, 90],
		[9, "R1_2", -1110, -1470.34, "T", "SMD", "$1N466", "", "R", 31.751, 34.016, 0, 0, 90],
		[10, "U1_1", -959.41, -1514.68, "T", "SMD", "$1N515", "", "R", 19.685, 11.024, 0, 0, 180],
		[11, "U1_2", -959.41, -1495, "T", "SMD", "$1N431", "", "R", 19.685, 11.024, 0, 0, 180],
		[12, "U1_3", -959.41, -1475.32, "T", "SMD", "NET_1", "", "R", 19.685, 11.024, 0, 0, 180],
		[13, "U1_4", -985, -1471.38, "T", "SMD", "NET_2", "", "R", 17.717, 11.811, 0, 0, 270],
		[14, "U1_5", -1010.59, -1475.31, "T", "SMD", "NET_3", "", "R", 19.685, 11.024, 0, 0, 180],
		[15, "U1_6", -1010.59, -1495, "T", "SMD", "$1N466", "", "R", 19.685, 11.024, 0, 0, 180],
		[16, "U1_7", -1010.59, -1514.68, "T", "SMD", "$1N466", "", "R", 19.685, 11.024, 0, 0, 180],
		[17, "U1_8", -985, -1518.62, "T", "SMD", "$1N553", "", "R", 17.717, 11.811, 0, 0, 270],
		[18, "PAD1_2", -1210, -1467.44, "T", "SMD", "$1N466", "", "R", 31.496, 35.433, 0, 0, 90],
		[19, "PAD2_1", -1210, -1522.56, "T", "SMD", "$1N431", "", "R", 31.496, 35.433, 0, 0, 90],
		[20, "PAD3_2", -1403.65, -1500, "T", "SMD", "$1N431", "", "R", 39.37, 55.1, 0, 0, 0],
		[21, "PAD4_1", -1486.35, -1500, "T", "SMD", "$1N456", "", "R", 39.37, 55.1, 0, 0, 0],
		[22, "PAD5_2", -1110, -1470.34, "T", "SMD", "$1N466", "", "R", 31.751, 34.016, 0, 0, 90],
		[23, "PAD6_1", -1110, -1529.66, "T", "SMD", "$1N456", "", "R", 31.751, 34.016, 0, 0, 90],
		[24, "PAD7_8", -985, -1518.62, "T", "SMD", "$1N553", "", "R", 17.717, 11.811, 0, 0, 270],
		[25, "PAD8_7", -1010.59, -1514.68, "T", "SMD", "$1N466", "", "R", 19.685, 11.024, 0, 0, 180],
		[26, "PAD9_6", -1010.59, -1495, "T", "SMD", "$1N466", "", "R", 19.685, 11.024, 0, 0, 180],
		[27, "PAD10_2", -959.41, -1495, "T", "SMD", "$1N431", "", "R", 19.685, 11.024, 0, 0, 180],
		[28, "PAD11_1", -959.41, -1514.68, "T", "SMD", "$1N515", "", "R", 19.685, 11.024, 0, 0, 180],
		[29, "PAD12_P$1", -910, -1535, "T", "SMD", "$1N553", "", "C", 29.53, 29.53, 0, 0, 180],
		[30, "PAD13_P$2", -760, -1485, "T", "DIP", "$1N515", "", "C", 31.81, 31.81, 11.82, 11.83, 90],
		[31, "PAD13_P$2", -760, -1485, "B", "DIP", "$1N515", "", "C", 31.81, 31.81, 11.82, 11.83, 90]
	]
}
}